{
  "assetsByChunkName": {
    "vendors~app-account~app-confirmation~app-order": "chunk.a07c2ca7cb2b84ff6435.js",
    "vendors~app-account~app-checkout": "chunk.6c63cec8b7ca30289bdc.js",
    "vendors~app-cart~app-checkout": "chunk.d7b2e6d7385db0005277.js",
    "admin": [
      "admin.92178dcf705eb00a30e3.js",
      "admin.92178dcf705eb00a30e3.js.map"
    ],
    "app-account": "chunk.934af2cf3e55a5d3d78d.js",
    "app-checkout": "chunk.c3b2d73e34b53bc19ca8.js",
    "app-confirmation": "chunk.af89ff8b8488849454dc.js",
    "checkout": [
      "checkout.8c1773cec0100d9658ea.js",
      "checkout.8c1773cec0100d9658ea.js.map"
    ],
    "storefront": [
      "storefront.1a66a6d693b2fcbca481.css",
      "storefront.009f65ca7e16380459c9.js",
      "storefront.1a66a6d693b2fcbca481.css.map",
      "storefront.009f65ca7e16380459c9.js.map"
    ],
    "vendors~app-cart": "chunk.c4252342fc9cb674b3fa.js",
    "vendors~app-order": "chunk.03df0fea95812d95a7a9.js"
  }
}