{
  "categories_list": {
    "featured": [],
    "random": 1,
    "full_width": false
  },
  "menu_all_departments": false,
  "centralized_logo": false,
  "marketing_stripe": {
    "text": "",
    "link": "",
    "background": "#46459b",
    "color": "#ffffff"
  },
  "alphabetical_order_submenu": false,
  "name_all_departments": "",
  "search_input": true,
  "desktop_megamenu": false,
  "full_width_submenu": false,
  "contacts_stripe": {
    "pages": [
      {
        "title": "Sobre nós",
        "link": "https://trampardecasa.com.br"
      }
    ],
    "phone_wpp": false,
    "socials": false
  }
}