{
  "meta_title": "",
  "meta_description": "",
  "sections": [
    {
      "type": "page-title",
      "title": "Trampar de Casa",
      "description": "Apoiamos a liberdade do trabalho remoto."
    },
    {
      "type": "collection-shelf",
      "shuffle": false,
      "collection_id": null,
      "sort": "offers",
      "title": "",
      "headless": false,
      "limit": 12,
      "page": 1
    },
    {
      "type": "banner-slider",
      "autoplay": 9000,
      "full_width": false,
      "slides": [
        {
          "img": "https://trampardecasa.com.br/_next/image?url=%2Fimages%2FHO-brasil.webp&w=640&q=75",
          "link": "",
          "alt": "Trabalho Remoto",
          "start": "2020-04-11T05:54:06.750Z",
          "end": "2020-12-31T03:00:00.000Z",
          "mobile_img": ""
        },
        {
          "start": "",
          "end": "",
          "img": "/img/uploads/ho-2-1-.png",
          "alt": "Escritório 2",
          "mobile_img": ""
        },
        {
          "start": "",
          "end": "",
          "img": "/img/uploads/ho-3-1-.png"
        },
        {
          "start": "",
          "end": "",
          "img": "/img/uploads/ho-4-1-.png"
        }
      ]
    },
    {
      "type": "info-bar",
      "enabled": true
    }
  ]
}